Team,Player,Event,Mins,Secs,X,Y,X2,Y2,Matchweek
Turo,5,Clearance,0,3,13,9,18,3,Matchweek 1
Balaguer,3,Tackle,0,3,13,91,-,-,Matchweek 1
Turo,16,Tackle,0,3,9,93,-,-,Matchweek 1
Balaguer,20,Tackle,0,3,38,95,-,-,Matchweek 1
Balaguer,22,Clearance,0,3,89,60,81,37,Matchweek 1
Turo,16,Loss of Possession ,0,3,28,89,33,86,Matchweek 1
Turo,4,Tackle,0,3,10,69,-,-,Matchweek 1
Turo,8,Tackle,0,3,32,72,-,-,Matchweek 1
Turo,10,Tackle,0,3,57,29,-,-,Matchweek 1
Balaguer,10,Foul ,0,3,64,32,-,-,Matchweek 1
Turo,8,Freekick,0,3,62,34,-,-,Matchweek 1
Balaguer,5,Clearance,0,3,91,50,90,3,Matchweek 1
Balaguer,5,Clearance,0,3,94,38,73,26,Matchweek 1
Turo,11,Shot,0,3,76,54,82,51,Matchweek 1
Turo,6,Tackle,0,3,34,97,-,-,Matchweek 1
Turo,16,Tackle,0,3,12,93,-,-,Matchweek 1
Turo,7,Clearance,0,3,5,60,23,75,Matchweek 1
Balaguer,20,Shot,0,3,18,93,0,44,Matchweek 1
Balaguer,22,Tackle,0,3,85,71,-,-,Matchweek 1
Turo,9,Tackle,0,3,76,67,-,-,Matchweek 1
Turo,7,Loss of Possession ,0,3,68,5,81,5,Matchweek 1
Balaguer,22,Loss of Possession ,0,1,78,57,77,61,Matchweek 1
Turo,5,Foul ,0,1,75,14,-,-,Matchweek 1
Balaguer,3,Freekick,0,1,76,16,-,-,Matchweek 1
Turo,16,Clearance,0,1,10,60,19,34,Matchweek 1
Balaguer,5,Tackle,0,1,81,25,-,-,Matchweek 1
Balaguer,3,Clearance,0,1,79,47,18,75,Matchweek 1
Turo,5,Tackle,0,1,8,33,-,-,Matchweek 1
Turo,5,Clearance,0,1,43,12,54,7,Matchweek 1
Balaguer,20,Tackle,0,1,70,59,-,-,Matchweek 1
Balaguer,8,Tackle,0,1,41,82,-,-,Matchweek 1
Turo,4,Clearance,0,1,26,61,60,58,Matchweek 1
Balaguer,20,Tackle,0,1,56,81,-,-,Matchweek 1
Turo,10,Tackle,0,1,33,75,-,-,Matchweek 1
Balaguer,8,Tackle,0,1,26,64,-,-,Matchweek 1
Balaguer,8,Shot,0,1,26,66,18,60,Matchweek 1
Turo,4,Clearance,0,1,15,64,17,94,Matchweek 1
Turo,4,Clearance,0,1,8,59,19,77,Matchweek 1
Turo,4,Clearance,0,1,18,64,54,71,Matchweek 1
Balaguer,3,Tackle,0,1,47,82,-,-,Matchweek 1
Turo,21,Clearance,0,1,20,28,48,4,Matchweek 1
Turo,4,Tackle,0,1,30,56,-,-,Matchweek 1
Balaguer,8,Foul ,0,1,40,63,-,-,Matchweek 1
Turo,10,Freekick,0,1,42,61,-,-,Matchweek 1
Balaguer,5,Tackle,0,1,65,5,-,-,Matchweek 1
Turo,10,Clearance,0,1,26,30,47,23,Matchweek 1
Turo,7,Foul ,0,1,62,10,-,-,Matchweek 1
Balaguer,5,Freekick,0,1,60,16,-,-,Matchweek 1
Turo,10,Tackle,0,1,27,52,-,-,Matchweek 1
Turo,6,Loss of Possession ,0,0,45,48,81,64,Matchweek 1
Turo,6,Foul ,0,0,66,27,-,-,Matchweek 1
Balaguer,3,Foul ,0,0,64,23,-,-,Matchweek 1
Turo,5,Clearance,0,0,17,29,31,43,Matchweek 1
Turo,8,Loss of Possession ,0,0,31,46,34,52,Matchweek 1
Turo,10,Clearance,0,0,31,47,42,38,Matchweek 1
Balaguer,6,Tackle,0,0,90,31,-,-,Matchweek 1
Balaguer,8,Clearance,0,0,77,86,40,65,Matchweek 1
Turo,16,Clearance,0,0,37,62,75,60,Matchweek 1
Turo,16,Tackle,0,0,23,64,-,-,Matchweek 1
Balaguer,3,Clearance,0,0,90,35,15,98,Matchweek 1
Balaguer,20,Clearance,0,0,44,90,28,80,Matchweek 1
Turo,10,Clearance,0,0,29,77,48,66,Matchweek 1
Balaguer,10,Clearance,0,0,48,69,45,99,Matchweek 1
Turo,9,Loss of Possession ,0,0,72,66,73,55,Matchweek 1
Turo,16,Clearance,0,0,29,78,70,85,Matchweek 1
Balaguer,5,Clearance,0,0,77,63,65,100,Matchweek 1
Balaguer,20,Tackle,0,0,70,65,-,-,Matchweek 1
Balaguer,8,Loss of Possession ,0,0,66,75,14,79,Matchweek 1
Turo,21,Loss of Possession ,0,0,30,11,90,68,Matchweek 1
Turo,4,Clearance,0,0,28,25,67,3,Matchweek 1
Turo,10,Tackle,0,0,25,21,-,-,Matchweek 1
Turo,10,Loss of Possession ,0,0,27,22,87,53,Matchweek 1
Balaguer,20,Loss of Possession ,0,0,86,58,26,1,Matchweek 1
Turo,9,Loss of Possession ,0,0,74,62,61,60,Matchweek 1
Turo,16,Clearance,0,0,23,81,79,63,Matchweek 1
Turo,8,Loss of Possession ,0,0,74,28,83,65,Matchweek 1
Balaguer,3,Clearance,0,0,89,68,70,11,Matchweek 1
Balaguer,5,Tackle,0,0,54,20,-,-,Matchweek 1
Turo,10,Tackle,0,0,56,36,-,-,Matchweek 1
Balaguer,13,Loss of Possession ,0,0,94,62,31,64,Matchweek 1
Balaguer,22,Clearance,0,0,75,54,43,99,Matchweek 1
Balaguer,7,Tackle,0,0,68,60,-,-,Matchweek 1
Balaguer,13,Loss of Possession ,0,0,88,47,20,73,Matchweek 1
Turo,5,Tackle,0,0,21,10,-,-,Matchweek 1
Balaguer,7,Shot,0,0,11,35,6,42,Matchweek 1
Turo,4,Tackle,0,0,3,29,-,-,Matchweek 1
Balaguer,3,Corner,0,0,2,4,-,-,Matchweek 1
Turo,21,Clearance,0,0,9,28,15,33,Matchweek 1
Turo,9,Offside,0,0,88,62,-,-,Matchweek 1
Balaguer,14,Loss of Possession ,0,0,13,12,1,15,Matchweek 1
Balaguer,5,Clearance,0,0,76,21,54,3,Matchweek 1
Balaguer,5,Clearance,0,0,81,24,32,8,Matchweek 1
Balaguer,6,Tackle,0,0,75,23,-,-,Matchweek 1
Balaguer,13,Loss of Possession ,0,0,89,40,10,50,Matchweek 1
Balaguer,5,Tackle,0,0,87,61,-,-,Matchweek 1
Turo,7,Tackle,0,0,77,53,-,-,Matchweek 1
Turo,11,Loss of Possession ,0,0,52,91,52,98,Matchweek 1
Balaguer,7,Foul ,0,0,60,13,-,-,Matchweek 1
Balaguer,14,Tackle,0,0,73,8,-,-,Matchweek 1
Balaguer,3,Clearance,0,0,90,70,68,52,Matchweek 1
Balaguer,5,Clearance,0,0,79,64,38,16,Matchweek 1
Balaguer,20,Shot,0,0,10,33,1,60,Matchweek 1
Balaguer,5,Clearance,0,0,80,41,68,25,Matchweek 1
Turo,5,Tackle,0,0,30,32,-,-,Matchweek 1
Balaguer,5,Clearance,0,0,88,32,36,19,Matchweek 1
Balaguer,23,Offside,0,0,26,19,-,-,Matchweek 1
Turo,9,Loss of Possession ,0,0,66,70,90,73,Matchweek 1
Turo,16,Clearance,0,0,9,87,42,85,Matchweek 1
Turo,8,Foul ,0,0,41,73,-,-,Matchweek 1
Balaguer,3,Freekick,0,0,41,73,-,-,Matchweek 1
Balaguer,23,Offside,0,0,7,30,-,-,Matchweek 1
Balaguer,22,Tackle,0,0,60,64,-,-,Matchweek 1
Turo,21,Tackle,0,0,31,33,-,-,Matchweek 1
Balaguer,7,Tackle,0,0,34,96,-,-,Matchweek 1
Turo,7,Shot,0,0,77,63,99,30,Matchweek 1
Balaguer,5,Tackle,0,0,76,57,-,-,Matchweek 1
Turo,21,Clearance,0,0,32,42,68,22,Matchweek 1
Balaguer,14,Tackle,0,0,49,24,-,-,Matchweek 1
Balaguer,14,Foul ,0,0,72,18,-,-,Matchweek 1
Turo,8,Freekick,0,0,71,20,-,-,Matchweek 1
Turo,8,Tackle,0,0,59,97,-,-,Matchweek 1
Turo,8,Tackle,0,0,36,64,-,-,Matchweek 1
Balaguer,14,Tackle,0,0,70,25,-,-,Matchweek 1
Turo,5,Tackle,0,0,67,17,-,-,Matchweek 1
Turo,7,Shot,0,0,93,50,99,66,Matchweek 1
Turo,21,Clearance,0,0,20,24,27,2,Matchweek 1
Balaguer,10,Shot,0,0,27,38,0,30,Matchweek 1
Balaguer,10,Tackle,0,0,38,14,-,-,Matchweek 1
Turo,10,Tackle,0,0,29,18,-,-,Matchweek 1
Balaguer,22,Clearance,0,0,72,65,45,90,Matchweek 1
Turo,7,Offside,0,0,79,20,-,-,Matchweek 1
Turo,16,Clearance,0,0,10,76,24,90,Matchweek 1
Turo,1,Clearance,0,0,10,47,36,51,Matchweek 1
Turo,10,Tackle,0,0,34,7,-,-,Matchweek 1
Turo,4,Clearance,0,0,25,31,56,3,Matchweek 1
Turo,6,Tackle,0,0,24,25,-,-,Matchweek 1
Turo,21,Clearance,0,0,34,22,48,9,Matchweek 1
Turo,21,Foul ,0,0,24,13,-,-,Matchweek 1
Balaguer,5,Freekick,0,0,20,10,-,-,Matchweek 1
Balaguer,5,Shot,0,0,19,10,15,18,Matchweek 1
Turo,7,Clearance,0,0,9,29,6,69,Matchweek 1
Balaguer,3,Tackle,0,0,68,96,-,-,Matchweek 1
Turo,6,Tackle,0,0,63,67,-,-,Matchweek 1
Turo,6,Shot,0,0,68,46,99,26,Matchweek 1
Turo,4,Loss of Possession ,0,0,24,52,14,39,Matchweek 1
Balaguer,8,Shot,0,0,13,39,1,56,Matchweek 1
Turo,16,Clearance,0,0,10,82,74,4,Matchweek 1
Turo,21,Clearance,0,0,24,26,34,28,Matchweek 1
Turo,6,Tackle,0,0,28,22,-,-,Matchweek 1
Balaguer,3,Loss of Possession ,0,0,71,94,47,93,Matchweek 1
Balaguer,22,Clearance,0,0,77,86,61,98,Matchweek 1
Balaguer,3,Clearance,0,0,72,89,54,98,Matchweek 1
Balaguer,5,Clearance,0,0,82,71,58,39,Matchweek 1
Turo,6,Tackle,0,0,59,34,-,-,Matchweek 1
Balaguer,5,Clearance,0,0,87,35,54,45,Matchweek 1
Balaguer,6,Tackle,0,0,79,8,-,-,Matchweek 1
Balaguer,13,Loss of Possession ,0,0,89,27,6,7,Matchweek 1
Balaguer,5,Clearance,0,0,17,24,47,10,Matchweek 1
Balaguer,14,Tackle,0,0,45,68,-,-,Matchweek 1
Balaguer,8,Corner,0,0,98,4,-,-,Matchweek 1
Balaguer,22,Shot,0,0,88,54,94,53,Matchweek 1
Balaguer,23,Offside,0,0,94,54,-,-,Matchweek 1
Turo,21,Loss of Possession,0,0,74,94,19,62,Matchweek 1
Turo,21,Tackle,0,0,76,64,-,-,Matchweek 1
Turo,5,Tackle,0,0,22,64,-,-,Matchweek 1
Turo,4,Tackle,0,0,92,59,-,-,Matchweek 1
Balaguer,6,Tackle,0,0,29,90,-,-,Matchweek 1
Turo,4,Tackle,0,0,58,51,-,-,Matchweek 1
Balaguer,6,Tackle,0,0,14,95,-,-,Matchweek 1
Turo,4,Clearance,0,0,86,79,85,99,Matchweek 1
Balaguer,14,Shot,0,0,92,74,99,58,Matchweek 1
Balaguer,5,Tackle,0,0,16,70,-,-,Matchweek 1
Balaguer,23,Shot,0,0,82,47,94,47,Matchweek 1
Turo,1,Save,0,0,95,45,-,-,Matchweek 1
Balaguer,7,Tackle,0,0,56,36,-,-,Matchweek 1
Turo,10,Tackle,0,0,66,38,-,-,Matchweek 1
Balaguer,8,Clearance,0,0,59,76,53,98,Matchweek 1
Balaguer,6,Clearance,0,0,20,88,31,99,Matchweek 1
Turo,5,Loss of Possession,0,0,36,98,24,78,Matchweek 1
Turo,7,Shot,0,0,11,38,4,44,Matchweek 1
Balaguer,13,Save,0,0,3,45,-,-,Matchweek 1
Balaguer,7,Tackle,0,0,22,12,-,-,Matchweek 1
Turo,16,Tackle,0,0,69,4,-,-,Matchweek 1
Turo,11,Tackle,0,0,62,11,-,-,Matchweek 1
Balaguer,14,Tackle,0,0,79,95,-,-,Matchweek 1
Balaguer,8,Tackle,0,0,70,77,-,-,Matchweek 1
Turo,6,Tackle,0,0,58,38,-,-,Matchweek 1
Turo,16,Tackle,0,0,70,15,-,-,Matchweek 1
Turo,9,Foul,0,0,23,31,-,-,Matchweek 1
Balaguer,5,Freekick,0,0,22,28,-,-,Matchweek 1
Turo,5,Clearance,0,0,82,70,69,98,Matchweek 1
Balaguer,22,Tackle,0,0,68,68,-,-,Matchweek 1
Turo,6,Tackle,0,0,75,65,-,-,Matchweek 1
Balaguer,22,Foul,0,0,76,64,-,-,Matchweek 1
Turo,21,Freekick,0,0,75,63,-,-,Matchweek 1
Balaguer,5,Clearance,0,0,10,67,34,77,Matchweek 1
Turo,21,Loss of Possession,0,0,45,89,17,83,Matchweek 1
Turo,21,Tackle,0,0,75,62,-,-,Matchweek 1
Balaguer,10,Clearance,0,0,61,80,61,97,Matchweek 1
Turo,11,Loss of Possession,0,0,33,10,30,2,Matchweek 1
Turo,21,Foul,0,0,69,42,-,-,Matchweek 1
Balaguer,10,Tackle,0,0,47,89,-,-,Matchweek 1
Turo,5,Foul,0,0,62,93,-,-,Matchweek 1
Balaguer,3,Freekick,0,0,64,87,-,-,Matchweek 1
Balaguer,3,Loss of Possession,0,0,64,86,99,21,Matchweek 1
Balaguer,6,Tackle,0,0,16,86,-,-,Matchweek 1
Turo,4,Tackle,0,0,95,69,-,-,Matchweek 1
Balaguer,8,Corner,0,0,98,96,-,-,Matchweek 1
Turo,4,Clearance,0,0,92,30,81,8,Matchweek 1
Balaguer,14,Clearance,0,0,24,33,34,2,Matchweek 1
Balaguer,20,Tackle,0,0,62,96,-,-,Matchweek 1
Balaguer,14,Foul,0,0,25,89,-,-,Matchweek 1
Turo,11,Freekick,0,0,22,90,-,-,Matchweek 1
Balaguer,5,Clearance,0,0,14,52,15,11,Matchweek 1
Turo,11,Tackle,0,0,28,7,-,-,Matchweek 1
Balaguer,5,Clearance,0,0,13,61,86,63,Matchweek 1
Turo,6,Foul,0,0,27,93,-,-,Matchweek 1
Balaguer,5,Freekick,0,0,23,92,-,-,Matchweek 1
Balaguer,22,Foul,0,0,64,31,-,-,Matchweek 1
Turo,10,Freekick,0,0,62,29,-,-,Matchweek 1
Turo,5,Tackle,0,0,75,75,-,-,Matchweek 1
Turo,11,Foul,0,0,25,26,-,-,Matchweek 1
Balaguer,5,Freekick,0,0,26,38,-,-,Matchweek 1
Turo,21,Tackle,0,0,96,73,-,-,Matchweek 1
Balaguer,8,Corner,0,0,98,97,-,-,Matchweek 1
Turo,4,Clearance,0,0,91,39,73,10,Matchweek 1
Balaguer,10,Foul,0,0,66,8,-,-,Matchweek 1
Turo,11,Tackle,0,0,97,19,-,-,Matchweek 1
Turo,11,Clearance,0,0,99,19,76,2,Matchweek 1
Turo,9,Loss of Possession,0,0,43,68,28,52,Matchweek 1
Turo,7,Tackle,0,0,28,73,-,-,Matchweek 1
Turo,18,Shot,0,0,10,66,1,46,Matchweek 1
Turo,11,Corner,0,0,2,2,-,-,Matchweek 1
Balaguer,23,Clearance,0,0,5,61,30,64,Matchweek 1
Turo,9,Shot,0,0,18,81,1,40,Matchweek 1
Turo,7,Shot,0,0,30,74,1,59,Matchweek 1
Balaguer,7,Foul,0,0,65,28,-,-,Matchweek 1
Turo,1,Freekick,0,0,67,29,-,-,Matchweek 1
Turo,16,Clearance,0,0,89,13,84,2,Matchweek 1
Turo,16,Tackle,0,0,94,28,-,-,Matchweek 1
Balaguer,6,Foul,0,0,62,55,-,-,Matchweek 1
Turo,6,Freekick,0,0,64,53,-,-,Matchweek 1
Balaguer,21,Loss of Possession,0,0,36,46,35,3,Matchweek 1
Balaguer,6,Clearance,0,0,10,69,0,80,Matchweek 1
Turo,7,Corner,0,0,1,98,-,-,Matchweek 1
Turo,22,Shot,0,0,25,50,3,49,Matchweek 1
Balaguer,13,Save,0,0,2,48,-,-,Matchweek 1
Balaguer,20,Foul,0,0,46,80,-,-,Matchweek 1
Turo,7,Freekick,0,0,47,80,-,-,Matchweek 1
Balaguer,6,Clearance,0,0,6,65,21,38,Matchweek 1
Turo,6,Tackle,0,0,73,81,-,-,Matchweek 1
Turo,6,Tackle,0,0,93,72,-,-,Matchweek 1
Balaguer,23,Shot,0,0,88,44,100,40,Matchweek 1
Balaguer,6,Clearance,0,0,13,69,15,99,Matchweek 1
Balaguer,5,Clearance,0,0,17,27,59,65,Matchweek 1
Balaguer,23,Offside,0,0,66,58,-,-,Matchweek 1
Balaguer,5,Clearance,0,0,17,73,33,96,Matchweek 1
Balaguer,21,Tackle,0,0,34,48,-,-,Matchweek 1
Turo,16,Clearance,0,0,88,71,83,98,Matchweek 1
Turo,21,Clearance,0,1,89,69,68,63,Matchweek 1
Turo,21,Clearance,0,1,87,51,78,73,Matchweek 1
Balaguer,14,Shot,0,1,81,70,99,45,Matchweek 1
Balaguer,5,Clearance,0,1,22,34,32,11,Matchweek 1
Turo,22,Shot,0,1,11,58,0,58,Matchweek 1
Turo,7,Corner,0,1,1,97,-,-,Matchweek 1
Turo,7,Shot,0,1,10,68,1,35,Matchweek 1
Turo,15,Tackle,0,1,61,32,-,-,Matchweek 1
Balaguer,21,Tackle,0,1,26,61,-,-,Matchweek 1
Turo,16,Tackle,0,1,86,30,-,-,Matchweek 1
Balaguer,3,Loss of Possession,0,1,25,11,81,72,Matchweek 1
Turo,5,Tackle,0,1,76,85,-,-,Matchweek 1
Balaguer,6,Clearance,0,1,34,84,79,40,Matchweek 1
Balaguer,14,Tackle,0,1,37,91,-,-,Matchweek 1
Balaguer,14,Clearance,0,1,9,33,35,27,Matchweek 1
Turo,5,Tackle,0,1,95,58,-,-,Matchweek 1
Balaguer,3,Corner,0,1,99,97,-,-,Matchweek 1
Turo,9,Pass,0,33,50,51,69,51,Matchweek 3
Turo,6,Unsuccessful Cross,0,37,71,48,24,26,Matchweek 3
Igualada,5,Clearance,0,39,24,26,51,19,Matchweek 3
Turo,24,Clearance,0,41,52,19,43,46,Matchweek 3
Turo,15,Clearance,0,43,43,49,35,40,Matchweek 3
Turo,9,Foul,0,45,33,39,-,-,Matchweek 3
Igualada,5,Freekick,1,10,29,29,-,-,Matchweek 3
Igualada,5,Cross,1,11,29,26,80,82,Matchweek 3
Turo,15,Clearance,1,16,70,63,-,-,Matchweek 3
Igualada,15,Pass,1,18,54,47,16,48,Matchweek 3
Igualada,1,Pass,1,21,16,49,22,89,Matchweek 3
Igualada,3,Unsuccessful Cross,1,26,18,89,81,65,Matchweek 3
Turo,21,Clearance,1,30,84,69,-,-,Matchweek 3
Igualada,7,Pass,1,49,58,99,77,89,Matchweek 3
Igualada,7,Unsuccessful Cross,1,53,89,93,95,28,Matchweek 3
Turo,17,Clearance,1,57,93,29,75,2,Matchweek 3
Igualada,22,Pass,2,13,73,3,93,29,Matchweek 3
Igualada,23,Shot,2,15,92,31,99,48,Matchweek 3
Turo,1,Save,2,16,97,49,-,-,Matchweek 3
Turo,1,Clearance,2,19,86,49,34,97,Matchweek 3
Igualada,4,Pass,2,33,28,97,30,74,Matchweek 3
Igualada,18,Pass,2,35,28,68,19,38,Matchweek 3
Igualada,5,Pass,2,40,14,30,6,47,Matchweek 3
Igualada,1,Pass,2,44,6,54,14,73,Matchweek 3
Igualada,3,Pass,2,46,15,68,3,60,Matchweek 3
Igualada,1,Pass,2,51,6,50,14,27,Matchweek 3
Igualada,5,Unsuccessful Cross,2,55,21,19,74,46,Matchweek 3
Turo,5,Clearance,2,59,76,55,69,46,Matchweek 3
Igualada,23,Pass,3,2,69,43,56,44,Matchweek 3
Turo,15,Foul,3,5,54,42,-,-,Matchweek 3
Igualada,3,Freekick,3,11,54,53,-,-,Matchweek 3
Igualada,3,Pass,3,11,54,53,67,89,Matchweek 3
Igualada,4,Pass,3,13,68,87,83,87,Matchweek 3
Igualada,17,Pass,3,16,82,76,92,74,Matchweek 3
Igualada,7,Unsuccessful Cross,3,18,96,73,96,59,Matchweek 3
Turo,6,Clearance,3,20,96,65,68,98,Matchweek 3
Igualada,7,Pass,3,41,83,97,90,49,Matchweek 3
Turo,15,Clearance,3,44,92,36,81,3,Matchweek 3
Igualada,22,Unsuccessful Pass,4,4,84,1,85,18,Matchweek 3
Turo,6,Clearance,4,6,84,19,67,3,Matchweek 3
Igualada,22,Unsuccessful Pass,4,25,73,2,90,38,Matchweek 3
Turo,21,Clearance,4,28,92,42,78,8,Matchweek 3
Turo,8,Tackle,4,32,80,14,-,-,Matchweek 3
Turo,8,Unsuccessful Cross,4,34,71,6,34,32,Matchweek 3
Igualada,4,Clearance,4,36,36,32,43,83,Matchweek 3
Igualada,7,Pass,4,42,46,85,22,76,Matchweek 3
Igualada,3,Pass,4,47,21,70,21,28,Matchweek 3
Igualada,22,Pass,4,53,28,24,29,74,Matchweek 3
Igualada,3,Pass,4,58,26,66,24,29,Matchweek 3
Igualada,5,Unsuccessful Cross,5,3,31,20,65,20,Matchweek 3
Turo,8,Clearance,5,7,67,24,39,26,Matchweek 3
Igualada,5,Clearance,5,9,33,26,98,21,Matchweek 3
Turo,1,Pass,5,18,96,28,84,21,Matchweek 3
Turo,24,Pass,5,22,86,24,96,43,Matchweek 3
Turo,1,Cross,5,25,93,47,59,96,Matchweek 3
Turo,5,Unsuccessful Pass,5,28,58,91,33,70,Matchweek 3
Igualada,3,Clearance,5,29,31,67,46,49,Matchweek 3
Turo,9,Unsuccessful Pass,5,33,44,50,21,41,Matchweek 3
Igualada,3,Pass,5,37,24,37,38,44,Matchweek 3
Igualada,18,Pass,5,40,48,61,72,90,Matchweek 3
Turo,6,Tackle,5,45,82,67,-,-,Matchweek 3
Turo,21,Clearance,5,47,88,61,75,71,Matchweek 3
Turo,15,Pass,5,48,77,61,82,70,Matchweek 3
Turo,6,Pass,5,49,84,77,63,85,Matchweek 3
Igualada,4,Tackle,5,53,65,77,-,-,Matchweek 3
Igualada,4,Pass,5,58,72,34,72,12,Matchweek 3
Igualada,4,Shot Assist,5,58,73,33,72,12,Matchweek 3
Igualada,24,Shot,6,0,77,12,99,55,Matchweek 3
Igualada,24,Goal,6,0,77,11,100,56,Matchweek 3
Turo,9,Pass,6,49,50,51,76,33,Matchweek 3
Turo,4,Cross,6,54,72,33,12,62,Matchweek 3
Igualada,7,Clearance,6,59,19,65,48,49,Matchweek 3
Igualada,23,Pass,7,2,48,47,46,38,Matchweek 3
Turo,8,Tackle,7,4,45,42,-,-,Matchweek 3
Turo,24,Cross,7,7,66,7,19,75,Matchweek 3
Igualada,3,Clearance,7,11,14,51,21,72,Matchweek 3
Turo,18,Pass,7,13,21,65,8,62,Matchweek 3
Turo,18,Shot Assist,7,13,20,64,9,62,Matchweek 3
Turo,9,Shot,7,15,9,62,1,39,Matchweek 3
Turo,9,Goal,7,15,9,61,1,42,Matchweek 3
Igualada,17,Pass,7,44,50,50,22,31,Matchweek 3
Igualada,5,Pass,7,54,36,33,48,50,Matchweek 3
Igualada,18,Pass,7,58,53,55,50,89,Matchweek 3
Igualada,4,Pass,7,59,47,82,32,61,Matchweek 3
Igualada,3,Pass,8,4,37,59,65,62,Matchweek 3
Igualada,17,Pass,8,7,64,68,35,89,Matchweek 3
Igualada,4,Pass,8,9,38,88,63,89,Matchweek 3
Igualada,17,Pass,8,11,64,86,51,56,Matchweek 3
Igualada,18,Pass,8,13,51,50,38,27,Matchweek 3
Igualada,5,Pass,8,17,45,31,44,54,Matchweek 3
Igualada,3,Pass,8,18,43,54,56,52,Matchweek 3
Igualada,18,Pass,8,19,56,52,43,31,Matchweek 3
Igualada,5,Pass,8,21,44,29,56,3,Matchweek 3
Igualada,22,Pass,8,23,62,6,55,17,Matchweek 3
Igualada,15,Pass,8,25,43,7,26,8,Matchweek 3
Igualada,5,Pass,8,28,26,14,17,27,Matchweek 3
Igualada,3,Pass,8,34,44,50,43,76,Matchweek 3
Igualada,4,Unsuccessful Cross,8,37,49,83,83,72,Matchweek 3
Turo,5,Clearance,8,39,81,71,71,98,Matchweek 3
Igualada,7,Unsuccessful Pass,9,0,79,99,90,49,Matchweek 3
Turo,15,Clearance,9,2,93,46,79,65,Matchweek 3
Turo,5,Pass,13,40,64,95,19,66,Matchweek 3
Igualada,4,Clearance,13,42,19,64,14,48,Matchweek 3
Igualada,5,Pass,13,43,14,49,42,100,Matchweek 3
Turo,5,Unsuccessful Pass,13,56,39,98,16,71,Matchweek 3
Igualada,4,Clearance,13,58,16,68,18,46,Matchweek 3
Igualada,15,Pass,14,0,18,46,18,25,Matchweek 3
Igualada,24,Pass,14,2,18,16,54,44,Matchweek 3
Igualada,23,Pass,14,5,49,42,43,48,Matchweek 3
Igualada,18,Unsuccessful Pass,14,6,43,47,51,0,Matchweek 3
Igualada,22,Pass,14,16,57,1,35,13,Matchweek 3
Igualada,5,Pass,14,18,35,14,30,37,Matchweek 3
Igualada,3,Pass,14,21,30,40,34,77,Matchweek 3
Igualada,4,Pass,14,24,38,76,34,48,Matchweek 3
Igualada,3,Pass,14,28,45,46,47,70,Matchweek 3
Igualada,4,Pass,14,31,45,70,35,50,Matchweek 3
Igualada,3,Pass,14,35,46,47,57,32,Matchweek 3
Igualada,24,Pass,14,37,57,31,46,10,Matchweek 3
Igualada,22,Pass,14,38,44,10,35,36,Matchweek 3
Igualada,3,Pass,14,42,43,37,53,36,Matchweek 3
Igualada,18,Pass,14,46,58,57,77,90,Matchweek 3
Igualada,7,Unsuccessful Cross,14,48,79,90,91,38,Matchweek 3
Turo,1,Unsuccessful Cross,15,5,93,43,35,77,Matchweek 3
Igualada,4,Clearance,15,8,35,76,20,98,Matchweek 3
Turo,5,Unsuccessful Pass,15,22,34,98,13,70,Matchweek 3
Igualada,7,Clearance,15,25,13,68,9,52,Matchweek 3
Igualada,5,Pass,15,26,10,51,21,65,Matchweek 3
Igualada,18,Pass,15,27,21,66,17,75,Matchweek 3
Igualada,7,Unsuccessful Cross,15,28,18,74,84,63,Matchweek 3
Turo,1,Unsuccessful Cross,16,11,86,42,29,2,Matchweek 3
Igualada,22,Pass,16,29,31,2,57,28,Matchweek 3
Turo,24,Clearance,16,31,56,27,23,29,Matchweek 3
Turo,6,Clearance,16,58,83,51,45,21,Matchweek 3
Turo,4,Clearance,17,35,85,40,45,30,Matchweek 3
Turo,5,Tackle,17,53,97,72,-,-,Matchweek 3
Igualada,7,Shot,18,44,92,43,99,69,Matchweek 3
Turo,17,Clearance,19,14,20,91,12,99,Matchweek 3
Turo,5,Tackle,21,14,71,84,-,-,Matchweek 3
Turo,5,Loss of Possession,21,23,57,88,43,78,Matchweek 3
Turo,6,Tackle,21,23,59,18,-,-,Matchweek 3
Turo,8,Foul,21,23,32,15,-,-,Matchweek 3
Igualada,22,Freekick,21,23,27,15,-,-,Matchweek 3
Turo,24,Clearance,21,23,83,23,41,0,Matchweek 3
Turo,18,Foul,21,23,41,92,-,-,Matchweek 3
Turo,24,Clearance,21,23,76,8,29,12,Matchweek 3
Turo,18,Shot,21,23,18,50,3,48,Matchweek 3
Igualada,4,Clearance,21,23,9,62,60,68,Matchweek 3
Igualada,22,Tackle,21,23,11,8,-,-,Matchweek 3
Turo,6,Foul,21,23,41,47,-,-,Matchweek 3
Igualada,18,Freekick,21,23,43,46,-,-,Matchweek 3
Igualada,18,Cross,21,23,43,46,68,8,Matchweek 3
Igualada,22,Dribble,21,23,68,7,88,17,Matchweek 3
Igualada,22,Pass,21,23,90,18,91,52,Matchweek 3
Igualada,22,Shot Assist,21,23,90,18,93,53,Matchweek 3
Igualada,7,Shot,21,23,92,52,-,-,Matchweek 3
Igualada,7,Goal,21,23,94,53,100,46,Matchweek 3
Igualada,5,Clearance,21,23,28,21,76,28,Matchweek 3
Turo,5,Loss of Possession,21,23,32,95,22,100,Matchweek 3
Turo,21,Clearance,21,23,80,57,73,77,Matchweek 3
Igualada,18,Foul,21,23,69,71,-,-,Matchweek 3
Turo,21,Freekick,21,23,66,71,-,-,Matchweek 3
Igualada,22,Clearance,21,23,20,16,28,1,Matchweek 3
Igualada,3,Clearance,21,23,8,43,13,55,Matchweek 3
Turo,8,Shot,21,23,21,56,0,76,Matchweek 3
Turo,15,Clearance,21,23,77,71,58,100,Matchweek 3
Turo,5,Clearance,21,23,80,83,75,85,Matchweek 3
Turo,5,Clearance,21,23,93,70,94,97,Matchweek 3
Turo,4,Clearance,21,23,91,37,75,1,Matchweek 3
Turo,17,Clearance,21,23,93,32,73,32,Matchweek 3
Igualada,18,Loss of Possession,21,23,69,36,72,30,Matchweek 3
Igualada,18,Foul,21,23,71,49,-,-,Matchweek 3
Turo,21,Freekick,21,23,69,61,-,-,Matchweek 3
Turo,24,Shot,21,23,11,25,0,76,Matchweek 3
Turo,24,Foul,21,23,11,27,-,-,Matchweek 3
Turo,8,Tackle,21,23,65,22,-,-,Matchweek 3
Turo,6,Loss of Possession,21,23,52,45,40,59,Matchweek 3
Igualada,4,Loss of Possession,21,23,34,63,81,44,Matchweek 3
Turo,4,Clearance,21,23,74,18,56,29,Matchweek 3
Turo,24,Foul,21,23,60,23,-,-,Matchweek 3
Igualada,24,Freekick,21,23,60,24,-,-,Matchweek 3
Turo,1,Save,21,23,99,48,-,-,Matchweek 3
Turo,6,Clearance,21,23,42,70,26,71,Matchweek 3
Igualada,18,Clearance,21,23,29,76,35,99,Matchweek 3
Igualada,5,Clearance,21,23,12,59,26,98,Matchweek 3
Igualada,1,Save,21,23,3,42,-,-,Matchweek 3
Turo,4,Foul,21,23,71,29,-,-,Matchweek 3
Igualada,24,Freekick,21,23,71,27,-,-,Matchweek 3
Igualada,24,Shot,21,23,71,27,100,35,Matchweek 3
Turo,4,Clearance,21,23,92,59,73,76,Matchweek 3
Turo,17,Shot,21,23,10,42,1,32,Matchweek 3
Turo,5,Tackle,21,23,83,89,-,-,Matchweek 3
Igualada,18,Tackle,21,23,43,61,-,-,Matchweek 3
Turo,6,Tackle,21,23,30,29,-,-,Matchweek 3
Igualada,5,Foul,21,23,24,36,-,-,Matchweek 3
Turo,21,Freekick,21,23,23,50,-,-,Matchweek 3
Turo,21,Shot,21,23,22,50,1,60,Matchweek 3
Turo,8,Clearance,21,23,60,29,46,9,Matchweek 3
Turo,6,Tackle,21,23,75,19,-,-,Matchweek 3
Turo,4,Clearance,21,23,90,32,74,23,Matchweek 3
Turo,24,Clearance,21,23,93,27,100,14,Matchweek 3
Turo,6,Clearance,21,23,87,47,65,67,Matchweek 3
Igualada,22,Clearance,21,23,57,72,70,100,Matchweek 3
Turo,15,Foul,21,23,24,72,-,-,Matchweek 3
Igualada,3,Freekick,21,23,23,78,-,-,Matchweek 3
Igualada,24,Shot,21,23,87,25,97,99,Matchweek 3
Turo,5,Loss of Possession,21,23,94,99,61,99,Matchweek 3
Igualada,4,Clearance,21,23,28,69,48,47,Matchweek 3
Igualada,23,Shot,21,23,77,51,99,32,Matchweek 3
Igualada,22,Clearance,21,23,12,26,28,14,Matchweek 3
Turo,4,Foul,21,23,47,8,-,-,Matchweek 3
Turo,5,Freekick,21,23,47,7,-,-,Matchweek 3
Turo,5,Tackle,49,43,12,8,-,-,Matchweek 3
Turo,21,Foul,49,43,32,11,-,-,Matchweek 3
Igualada,18,Freekick,49,43,29,12,-,-,Matchweek 3
Turo,4,Clearance,49,43,9,30,44,40,Matchweek 3
Igualada,5,Clearance,49,43,46,43,14,39,Matchweek 3
Turo,4,Clearance,49,43,12,38,-,-,Matchweek 3
Turo,4,Clearance,49,43,11,34,11,2,Matchweek 3
Turo,21,Clearance,49,43,10,27,39,50,Matchweek 3
Igualada,18,Clearance,49,43,40,51,4,84,Matchweek 3
Turo,24,Tackle,49,43,4,87,-,-,Matchweek 3
Turo,8,Clearance,49,43,8,68,42,88,Matchweek 3
Turo,4,Clearance,49,43,7,57,26,37,Matchweek 3
Igualada,15,Clearance,49,43,37,43,2,69,Matchweek 3
Igualada,22,Clearance,49,43,71,87,64,97,Matchweek 3
Igualada,5,Tackle,49,43,66,33,-,-,Matchweek 3
Igualada,1,Save,49,43,98,43,-,-,Matchweek 3
Turo,17,Offside,49,43,91,40,-,-,Matchweek 3
Igualada,23,Shot,49,43,12,49,1,58,Matchweek 3
Igualada,3,Clearance,49,43,88,29,70,2,Matchweek 3
Turo,4,Shot,49,43,90,32,98,46,Matchweek 3
Igualada,17,Tackle,49,43,29,76,-,-,Matchweek 3
Turo,15,Foul,49,43,62,75,-,-,Matchweek 3
Igualada,5,Freekick,49,43,62,77,-,-,Matchweek 3
Turo,1,Loss of Possession,49,43,1,53,67,99,Matchweek 3
Turo,24,Clearance,49,43,25,73,59,87,Matchweek 3
Turo,24,Clearance,49,43,21,79,78,91,Matchweek 3
Igualada,5,Clearance,49,43,78,90,30,91,Matchweek 3
Turo,24,Clearance,49,43,34,91,76,99,Matchweek 3
Turo,24,Tackle,49,43,45,78,-,-,Matchweek 3
Turo,21,Tackle,49,43,13,40,-,-,Matchweek 3
Igualada,3,Tackle,49,43,86,62,-,-,Matchweek 3
Turo,21,Clearance,49,43,24,15,58,11,Matchweek 3
Igualada,5,Clearance,49,43,92,58,88,32,Matchweek 3
Turo,18,Shot Assist,49,43,88,31,92,47,Matchweek 3
Turo,15,Shot,49,43,93,48,99,42,Matchweek 3
Turo,15,Goal,49,43,93,47,100,41,Matchweek 3
Turo,1,Pass,49,43,8,36,16,16,Matchweek 3
Turo,21,Dribble,49,43,16,16,27,14,Matchweek 3
Turo,21,Cross,49,43,26,15,85,85,Matchweek 3
Turo,17,Pass,49,43,90,91,81,91,Matchweek 3
Turo,8,Cross,49,43,81,91,90,58,Matchweek 3
Turo,24,Tackle,49,43,46,72,-,-,Matchweek 3
Turo,15,Loss of Possession,49,43,63,58,74,67,Matchweek 3
Igualada,5,Tackle,49,43,75,70,-,-,Matchweek 3
Turo,5,Tackle,49,43,16,8,-,-,Matchweek 3
Igualada,1,Save,49,43,96,44,-,-,Matchweek 3
Igualada,11,Loss of Possession,49,43,48,79,40,68,Matchweek 3
Igualada,24,Tackle,49,43,24,7,-,-,Matchweek 3
Turo,8,Clearance,49,43,56,77,72,96,Matchweek 3
Turo,17,Foul,49,43,59,85,-,-,Matchweek 3
Turo,24,Clearance,49,43,6,66,10,71,Matchweek 3
Igualada,5,Freekick,49,43,59,87,-,-,Matchweek 3
Igualada,15,Clearance,49,43,47,83,55,99,Matchweek 3
Igualada,11,Clearance,49,43,72,87,68,99,Matchweek 3
Turo,17,Shot,49,43,94,46,100,39,Matchweek 3
Igualada,1,Save,49,43,99,40,-,-,Matchweek 3
Igualada,23,Clearance,49,43,92,36,79,89,Matchweek 3
Igualada,3,Clearance,49,43,92,62,100,74,Matchweek 3
Turo,15,Clearance,49,43,46,53,56,62,Matchweek 3
Turo,4,Clearance,49,43,25,32,54,36,Matchweek 3
Igualada,3,Clearance,49,43,53,38,35,99,Matchweek 3
Igualada,5,Tackle,49,43,79,90,-,-,Matchweek 3
Igualada,5,Clearance,49,43,91,61,89,71,Matchweek 3
Turo,24,Clearance,49,43,3,61,0,76,Matchweek 3
Turo,4,Clearance,49,43,4,41,3,28,Matchweek 3
Turo,-,Corner,49,48,97,96,-,-,Matchweek 3
Turo,-,Corner,49,48,98,95,-,-,Matchweek 3
Igualada,-,Corner,49,48,1,3,-,-,Matchweek 3
Turo,4,Clearance,49,48,6,58,0,72,Matchweek 3
Igualada,-,Corner,49,48,1,98,-,-,Matchweek 3
Igualada,15,Clearance,49,48,88,59,77,40,Matchweek 3
Turo,5,Shot,49,48,86,30,99,33,Matchweek 3
Igualada,22,Shot,49,48,19,74,3,51,Matchweek 3
Turo,1,Save,49,48,2,51,-,-,Matchweek 3
Turo,4,Clearance,49,48,7,59,6,99,Matchweek 3
Igualada,11,Foul,49,48,6,63,-,-,Matchweek 3
Igualada,22,Loss of Possession,49,48,41,89,41,71,Matchweek 3
Igualada,23,Tackle,49,48,70,94,-,-,Matchweek 3
Igualada,23,Foul,49,48,29,61,-,-,Matchweek 3
Turo,4,Freekick,49,48,27,67,-,-,Matchweek 3
Turo,5,Clearance,49,48,8,27,14,4,Matchweek 3
Igualada,11,Shot,49,48,8,50,1,49,Matchweek 3
Igualada,22,Shot,49,48,5,64,0,54,Matchweek 3
Turo,5,Clearance,49,48,7,25,23,2,Matchweek 3
Turo,15,Clearance,49,48,12,53,23,76,Matchweek 3
Turo,15,Tackle,49,48,30,95,-,-,Matchweek 3
Turo,17,Tackle,49,48,13,92,-,-,Matchweek 3
Turo,17,Clearance,49,48,7,62,19,40,Matchweek 3
Igualada,24,Shot,49,48,10,41,1,52,Matchweek 3
Turo,17,Foul,49,48,68,91,-,-,Matchweek 3
Igualada,5,Freekick,49,48,72,87,-,-,Matchweek 3
Turo,5,Clearance,49,48,11,14,60,29,Matchweek 3
Turo,6,Tackle,49,48,14,38,-,-,Matchweek 3
Turo,5,Clearance,49,48,12,25,29,36,Matchweek 3
Igualada,23,Foul,49,48,14,36,-,-,Matchweek 3
Turo,8,Clearance,49,48,44,45,60,28,Matchweek 3
Turo,-,Foul,49,48,58,6,-,-,Matchweek 3
Igualada,15,Freekick,49,48,46,9,-,-,Matchweek 3
Turo,5,Clearance,49,48,9,27,45,36,Matchweek 3
Igualada,3,Tackle,49,48,80,10,-,-,Matchweek 3
Turo,4,Shot,49,48,93,32,99,39,Matchweek 3
Igualada,1,Save,49,48,99,40,-,-,Matchweek 3
Turo,8,Corner,49,48,99,3,-,-,Matchweek 3
Igualada,1,Save,49,48,98,40,-,-,Matchweek 3
Igualada,15,Clearance,49,48,89,40,73,50,Matchweek 3
Igualada,5,Tackle,49,48,84,78,-,-,Matchweek 3
Turo,6,Tackle,49,48,45,93,-,-,Matchweek 3
Igualada,4,Tackle,49,48,62,92,-,-,Matchweek 3
Turo,7,Loss of Possession,49,48,72,49,69,60,Matchweek 3
Turo,4,Tackle,49,48,29,61,-,-,Matchweek 3
Turo,8,Tackle,49,48,27,17,-,-,Matchweek 3
Turo,24,Clearance,49,48,11,72,22,79,Matchweek 3
Turo,17,Tackle,49,48,24,77,-,-,Matchweek 3
Igualada,5,Tackle,49,48,42,84,-,-,Matchweek 3
Igualada,19,Clearance,49,48,75,56,63,42,Matchweek 3
Igualada,19,Tackle,49,48,61,47,-,-,Matchweek 3
Turo,1,Clearance,49,48,9,49,81,58,Matchweek 3
Igualada,5,Clearance,49,48,88,74,78,99,Matchweek 3
Igualada,23,Clearance,49,48,94,60,99,94,Matchweek 3
Turo,11,Corner,49,48,98,97,-,-,Matchweek 3
Turo,6,Tackle,49,48,31,82,-,-,Matchweek 3
Igualada,5,Tackle,49,48,91,87,-,-,Matchweek 3
Igualada,1,Save,49,48,96,49,-,-,Matchweek 3
Igualada,9,Clearance,49,48,89,30,42,19,Matchweek 3
Turo,6,Clearance,49,48,25,11,54,8,Matchweek 3
Igualada,1,Clearance,49,48,78,42,62,32,Matchweek 3
Turo,8,Shot,49,48,56,39,95,21,Matchweek 3
Turo,6,Tackle,49,48,10,68,-,-,Matchweek 3
Turo,4,Clearance,49,48,3,60,56,88,Matchweek 3
Igualada,5,Tackle,49,48,68,85,-,-,Matchweek 3
Igualada,5,Tackle,49,48,77,61,-,-,Matchweek 3
Igualada,17,Shot,49,48,18,55,1,44,Matchweek 3
Igualada,3,Clearance,49,48,80,47,31,26,Matchweek 3
Turo,5,Tackle,49,48,26,6,-,-,Matchweek 3
Igualada,19,Tackle,49,48,60,6,-,-,Matchweek 3
Igualada,3,Clearance,49,48,90,28,72,6,Matchweek 3
Igualada,9,Shot,49,48,7,41,1,53,Matchweek 3
Igualada,9,Shot,49,48,4,61,0,59,Matchweek 3
Turo,1,Save,49,48,1,60,-,-,Matchweek 3
Igualada,-,Corner,49,48,1,98,-,-,Matchweek 3
Igualada,9,Shot,49,48,9,29,1,39,Matchweek 3
Turo,1,Save,49,48,1,39,-,-,Matchweek 3
Turo,1,Foul,49,48,21,52,-,-,Matchweek 3
Igualada,24,Freekick,49,48,21,57,-,-,Matchweek 3
Igualada,24,Shot,49,48,21,59,1,62,Matchweek 3
Igualada,22,Tackle,49,48,97,71,-,-,Matchweek 3
Igualada,9,Clearance,49,48,92,30,53,36,Matchweek 3
Igualada,23,Foul,49,48,44,36,-,-,Matchweek 3
Igualada,23,Clearance,49,48,90,61,75,62,Matchweek 3
Turo,6,Clearance,49,48,57,61,87,61,Matchweek 3
Igualada,5,Clearance,49,48,80,61,56,51,Matchweek 3
Jupiter,11,Tackle,0,1,62,2,-,-,Matchweek 4
Turo,15,Tackle,0,1,54,26,-,-,Matchweek 4
Jupiter,21,Shot,0,1,78,53,83,52,Matchweek 4
Jupiter,20,Tackle,0,1,27,7,-,-,Matchweek 4
Jupiter,8,Loss of Possession,0,1,45,51,92,77,Matchweek 4
Jupiter,7,Tackle,0,1,74,94,-,-,Matchweek 4
Turo,1,Loss of Possession,0,1,87,41,19,38,Matchweek 4
Jupiter,4,Loss of Possession,0,1,59,91,90,55,Matchweek 4
Turo,15,Foul,0,1,30,25,-,-,Matchweek 4
Turo,4,Tackle,0,1,78,30,-,-,Matchweek 4
Jupiter,9,Shot,0,1,94,40,100,41,Matchweek 4
Turo,1,Loss of Possession,0,1,88,44,28,72,Matchweek 4
Jupiter,10,Loss of Possession,0,1,62,58,89,72,Matchweek 4
Jupiter,8,Tackle,0,1,49,5,-,-,Matchweek 4
Turo,15,Tackle,0,1,61,21,-,-,Matchweek 4
Turo,3,Loss of Possession,0,1,78,68,69,57,Matchweek 4
Turo,3,Foul,0,1,77,58,-,-,Matchweek 4
Jupiter,21,Freekick,0,1,77,57,-,-,Matchweek 4
Jupiter,21,Shot,0,1,77,57,85,57,Matchweek 4
Jupiter,21,Corner,0,1,99,99,-,-,Matchweek 4
Turo,4,Clearance,0,1,94,34,83,39,Matchweek 4
Jupiter,7,Shot,0,1,81,37,99,31,Matchweek 4
Turo,20,Tackle,0,1,78,69,-,-,Matchweek 4
Jupiter,10,Tackle,0,1,71,83,-,-,Matchweek 4
Turo,4,Clearance,0,1,81,22,76,17,Matchweek 4
Jupiter,21,Tackle,0,1,77,12,-,-,Matchweek 4
Turo,4,Clearance,0,1,99,24,49,51,Matchweek 4
Jupiter,3,Clearance,0,1,48,53,29,70,Matchweek 4
Turo,8,Clearance,0,1,40,81,19,67,Matchweek 4
Jupiter,9,Loss of Possession,0,1,59,28,65,15,Matchweek 4
Jupiter,11,Shot,0,1,69,21,80,24,Matchweek 4
Jupiter,8,Corner,0,1,99,2,-,-,Matchweek 4
Turo,6,Clearance,0,1,94,31,99,18,Matchweek 4
Jupiter,4,Shot,0,1,93,59,99,30,Matchweek 4
Jupiter,3,Clearance,0,1,17,32,30,10,Matchweek 4
Jupiter,20,Tackle,0,1,10,10,-,-,Matchweek 4
Jupiter,9,Shot,0,1,98,59,100,55,Matchweek 4
Jupiter,9,Goal,0,6,98,58,-,-,Matchweek 4
Jupiter,11,Goal Assist,0,6,95,12,97,59,Matchweek 4
Jupiter,21,Tackle,0,6,44,51,-,-,Matchweek 4
Turo,15,Foul,0,6,43,53,-,-,Matchweek 4
Jupiter,10,Freekick,0,6,46,49,-,-,Matchweek 4
Jupiter,10,Loss of Possession,0,6,46,56,43,99,Matchweek 4
Jupiter,3,Tackle,0,6,20,46,-,-,Matchweek 4
Jupiter,21,Loss of Possession,0,6,74,4,94,60,Matchweek 4
Turo,6,Loss of Possession,0,6,71,21,76,7,Matchweek 4
Turo,24,Tackle,0,6,80,14,-,-,Matchweek 4
Jupiter,15,Tackle,0,6,60,5,-,-,Matchweek 4
Jupiter,8,Tackle,0,6,55,28,-,-,Matchweek 4
Jupiter,20,Clearance,0,6,9,36,2,18,Matchweek 4
Turo,8,Corner,0,6,1,2,-,-,Matchweek 4
Jupiter,3,Clearance,0,6,2,71,15,81,Matchweek 4
Turo,6,Tackle,0,6,67,96,-,-,Matchweek 4
Jupiter,11,Shot,0,6,93,30,99,30,Matchweek 4
Jupiter,21,Loss of Possession,0,6,79,72,60,70,Matchweek 4
Jupiter,9,Offside,0,6,82,45,-,-,Matchweek 4
Jupiter,4,Tackle,0,6,27,89,-,-,Matchweek 4
Turo,3,Tackle,0,6,42,95,-,-,Matchweek 4
Jupiter,4,Clearance,0,6,18,72,40,62,Matchweek 4
Turo,8,Loss of Possession,0,6,37,37,20,45,Matchweek 4
Turo,20,Tackle,0,6,33,65,-,-,Matchweek 4
Turo,8,Shot,0,6,23,53,2,42,Matchweek 4
Turo,24,Tackle,0,6,45,23,-,-,Matchweek 4
Turo,21,Loss of Possession,0,6,76,57,35,16,Matchweek 4
Turo,6,Tackle,0,6,89,75,-,-,Matchweek 4
Turo,20,Loss of Possession,0,6,88,87,65,98,Matchweek 4
Jupiter,7,Shot,0,6,78,87,97,56,Matchweek 4
Turo,1,Loss of Possession,0,6,91,45,23,3,Matchweek 4
Turo,24,Tackle,0,6,38,5,-,-,Matchweek 4
Turo,24,Tackle,0,6,78,20,-,-,Matchweek 4
Jupiter,15,Tackle,0,6,29,25,-,-,Matchweek 4
Jupiter,15,Loss of Possession,0,6,79,42,94,58,Matchweek 4
Turo,21,Loss of Possession,0,6,74,66,33,29,Matchweek 4
Jupiter,7,Shot,0,6,91,73,99,57,Matchweek 4
Jupiter,10,Corner,0,6,98,97,-,-,Matchweek 4
Jupiter,7,Shot,0,6,90,42,94,47,Matchweek 4
Jupiter,4,Tackle,0,6,23,97,-,-,Matchweek 4
Turo,6,Foul,0,6,54,29,-,-,Matchweek 4
Jupiter,8,Freekick,0,6,52,33,-,-,Matchweek 4
Turo,8,Loss of Possession,0,6,93,35,78,2,Matchweek 4
Turo,4,Clearance,0,6,92,53,100,75,Matchweek 4
Jupiter,21,Corner,0,6,99,98,-,-,Matchweek 4
Jupiter,9,Shot,0,6,97,50,99,47,Matchweek 4
Jupiter,9,Goal,0,0,97,51,99,48,Matchweek 4
Jupiter,21,Foul,0,0,40,40,-,-,Matchweek 4
Turo,8,Freekick,0,0,39,29,-,-,Matchweek 4
Jupiter,4,Clearance,0,0,12,38,20,41,Matchweek 4
Turo,4,Clearance,0,0,88,44,62,62,Matchweek 4
Jupiter,1,Clearance,0,0,28,30,42,1,Matchweek 4
Turo,21,Loss of Possession,0,0,82,63,69,65,Matchweek 4
Jupiter,7,Foul,0,0,20,94,-,-,Matchweek 4
Turo,8,Freekick,0,0,19,92,-,-,Matchweek 4
Jupiter,1,Save,0,0,2,41,-,-,Matchweek 4
Jupiter,7,Tackle,0,0,17,86,-,-,Matchweek 4
Jupiter,10,Shot,0,0,90,42,100,54,Matchweek 4
Jupiter,10,Goal,0,0,90,42,99,58,Matchweek 4
Jupiter,11,Goal Assist,0,0,95,20,91,39,Matchweek 4
Jupiter,3,Clearance,0,0,10,35,10,1,Matchweek 4
Turo,8,Tackle,0,0,83,10,-,-,Matchweek 4
Jupiter,3,Clearance,0,0,12,10,23,2,Matchweek 4
Turo,17,Shot,0,0,4,72,1,56,Matchweek 4
Jupiter,1,Save,0,0,1,55,-,-,Matchweek 4
Jupiter,4,Loss of Possession,0,0,10,71,43,72,Matchweek 4
Jupiter,10,Tackle,0,0,30,83,-,-,Matchweek 4
Turo,20,Foul,0,0,30,83,-,-,Matchweek 4
Jupiter,4,Freekick,0,0,25,79,-,-,Matchweek 4
Turo,3,Tackle,0,0,89,73,-,-,Matchweek 4
Turo,8,Loss of Possession,0,0,76,67,26,53,Matchweek 4
Jupiter,20,Tackle,0,0,32,9,-,-,Matchweek 4
Jupiter,11,Loss of Possession,0,0,57,49,52,23,Matchweek 4
Jupiter,20,Tackle,0,0,49,12,-,-,Matchweek 4
Jupiter,10,Tackle,0,0,31,23,-,-,Matchweek 4
Jupiter,20,Foul,0,0,23,8,-,-,Matchweek 4
Turo,8,Freekick,0,0,21,8,-,-,Matchweek 4
Turo,21,Shot,0,0,3,58,0,58,Matchweek 4
Jupiter,9,Loss of Possession,0,0,76,69,78,62,Matchweek 4
Turo,3,Loss of Possession,0,0,15,83,4,34,Matchweek 4
Jupiter,21,Foul,0,0,67,23,-,-,Matchweek 4
Turo,4,Freekick,0,0,66,24,-,-,Matchweek 4
Turo,6,Tackle,0,0,35,26,-,-,Matchweek 4
Jupiter,3,Clearance,0,0,5,38,19,2,Matchweek 4
Jupiter,15,Clearance,0,0,7,36,22,35,Matchweek 4
Turo,9,Offside,0,0,6,28,-,-,Matchweek 4
Jupiter,21,Loss of Possession,0,0,77,26,94,24,Matchweek 4
Turo,21,Foul,0,0,73,55,-,-,Matchweek 4
Jupiter,10,Freekick,0,0,74,52,-,-,Matchweek 4
Jupiter,7,Goal Assist,0,0,79,46,76,41,Matchweek 4
Jupiter,21,Shot,0,0,76,41,99,42,Matchweek 4
Jupiter,21,Goal,0,0,76,39,99,43,Matchweek 4
Jupiter,8,Clearance,0,0,68,83,61,99,Matchweek 4
Turo,4,Tackle,0,0,28,66,-,-,Matchweek 4
Jupiter,9,Tackle,0,0,30,47,-,-,Matchweek 4
Turo,3,Loss of Possession,0,0,20,24,31,25,Matchweek 4
Turo,4,Clearance,0,0,8,36,26,25,Matchweek 4
Jupiter,15,Clearance,0,0,57,91,10,54,Matchweek 4
Turo,3,Tackle,0,0,60,23,-,-,Matchweek 4
Turo,7,Shot,0,0,89,28,99,45,Matchweek 4
Jupiter,1,Save,0,0,99,44,-,-,Matchweek 4
Turo,3,Tackle,0,0,37,8,-,-,Matchweek 4
Turo,18,Tackle,0,0,69,14,-,-,Matchweek 4
Turo,3,Clearance,0,0,31,9,70,9,Matchweek 4
Jupiter,9,Loss of Possession,0,0,8,13,8,48,Matchweek 4
Turo,16,Loss of Possession,0,0,35,90,82,39,Matchweek 4
Turo,17,Tackle,0,0,64,86,-,-,Matchweek 4
Jupiter,21,Tackle,0,0,67,81,-,-,Matchweek 4
Jupiter,7,Tackle,0,0,77,15,-,-,Matchweek 4
Jupiter,1,Loss of Possession,0,0,94,27,70,27,Matchweek 4
Turo,6,Goal Assist,0,0,71,28,79,36,Matchweek 4
Turo,7,Shot,0,0,80,37,99,50,Matchweek 4
Turo,7,Goal,0,0,81,37,99,51,Matchweek 4
Turo,18,Tackle,0,0,74,24,-,-,Matchweek 4
Turo,4,Foul,0,0,33,62,-,-,Matchweek 4
Turo,21,Freekick,0,0,33,62,-,-,Matchweek 4
Turo,17,Tackle,0,0,68,63,-,-,Matchweek 4
Turo,6,Clearance,0,0,61,50,65,42,Matchweek 4
Turo,6,Foul,0,0,68,42,-,-,Matchweek 4
Jupiter,4,Freekick,0,0,68,51,-,-,Matchweek 4
Jupiter,7,Goal Assist,0,0,62,5,28,6,Matchweek 4
Jupiter,21,Shot,0,0,4,31,1,44,Matchweek 4
Jupiter,21,Goal,0,0,4,31,1,43,Matchweek 4
Jupiter,15,Tackle,0,0,71,92,-,-,Matchweek 4
Jupiter,9,Loss of Possession,0,0,58,31,61,38,Matchweek 4
Jupiter,20,Offside,0,0,20,78,-,-,Matchweek 4
Turo,16,Loss of Possession,0,0,65,87,78,58,Matchweek 4
Jupiter,21,Shot,0,0,16,37,0,60,Matchweek 4
Jupiter,21,Corner,0,0,1,98,-,-,Matchweek 4
Jupiter,8,Tackle,0,0,38,4,-,-,Matchweek 4
Turo,17,Tackle,0,0,21,94,-,-,Matchweek 4
Turo,6,Tackle,0,0,46,73,-,-,Matchweek 4
Jupiter,15,Clearance,0,0,93,53,79,61,Matchweek 4
Turo,8,Loss of Possession,0,0,74,52,85,83,Matchweek 4
Turo,1,Save,0,0,7,51,-,-,Matchweek 4
Turo,1,Save,0,0,7,60,-,-,Matchweek 4
Jupiter,12,Shot,0,0,11,64,0,60,Matchweek 4
Jupiter,19,Corner,0,0,1,99,-,-,Matchweek 4
Jupiter,20,Tackle,0,0,62,95,-,-,Matchweek 4
Turo,17,Tackle,0,0,65,85,-,-,Matchweek 4
Turo,21,Clearance,0,0,7,32,0,30,Matchweek 4
Jupiter,20,Corner,0,0,1,3,-,-,Matchweek 4
Jupiter,15,Tackle,0,0,49,45,-,-,Matchweek 4
Jupiter,22,Tackle,0,0,78,94,-,-,Matchweek 4
Turo,6,Tackle,0,0,20,69,-,-,Matchweek 4
Jupiter,22,Corner,0,0,1,98,-,-,Matchweek 4
Jupiter,20,Corner,0,0,2,96,-,-,Matchweek 4
Jupiter,10,Shot,0,0,21,53,1,31,Matchweek 4
Jupiter,20,Corner,0,0,1,2,-,-,Matchweek 4
Turo,8,Clearance,0,0,8,45,20,9,Matchweek 4
Turo,16,Clearance,0,0,6,34,20,38,Matchweek 4
Jupiter,10,Shot,0,0,18,39,1,58,Matchweek 4
Jupiter,1,Foul,0,0,88,70,-,-,Matchweek 4
Turo,4,Shot,0,0,89,50,100,57,Matchweek 4
Turo,4,Goal,0,0,89,50,100,57,Matchweek 4
Turo,3,Tackle,0,0,36,37,-,-,Matchweek 4
Turo,6,Foul,0,0,55,61,-,-,Matchweek 4
Jupiter,22,Freekick,0,0,58,69,-,-,Matchweek 4
Turo,16,Tackle,0,0,24,82,-,-,Matchweek 4
Jupiter,22,Tackle,0,0,64,98,-,-,Matchweek 4
Jupiter,17,Tackle,0,0,62,63,-,-,Matchweek 4
Turo,6,Tackle,0,0,66,58,-,-,Matchweek 4
Jupiter,19,Foul,0,0,67,58,-,-,Matchweek 4
Turo,8,Freekick,0,0,68,58,-,-,Matchweek 4
Jupiter,12,Tackle,0,0,96,61,-,-,Matchweek 4
Turo,8,Corner,0,0,99,97,-,-,Matchweek 4
Jupiter,15,Clearance,0,0,95,43,80,52,Matchweek 4
Turo,6,Shot,0,0,79,57,99,44,Matchweek 4
Jupiter,1,Save,0,0,99,45,-,-,Matchweek 4
Jupiter,7,Tackle,0,0,98,6,-,-,Matchweek 4
Turo,17,Shot,0,0,93,48,100,47,Matchweek 4
Turo,6,Clearance,0,0,29,79,44,99,Matchweek 4
Turo,21,Clearance,0,0,26,32,70,21,Matchweek 4
Jupiter,12,Shot,0,0,10,34,1,44,Matchweek 4
Turo,1,Save,0,0,1,44,-,-,Matchweek 4
Jupiter,20,Tackle,0,0,81,94,-,-,Matchweek 4
Turo,7,Shot,0,0,92,49,99,48,Matchweek 4
Jupiter,12,Offside,0,0,11,66,-,-,Matchweek 4
Turo,4,Loss of Possession,0,0,28,45,92,69,Matchweek 4
Jupiter,11,Shot,0,0,13,42,1,53,Matchweek 4
Turo,16,Tackle,0,0,52,83,-,-,Matchweek 4
Jupiter,19,Tackle,0,0,69,76,-,-,Matchweek 4
Jupiter,17,Foul,0,0,14,71,-,-,Matchweek 4
Turo,3,Foul,0,0,70,32,-,-,Matchweek 4
Jupiter,1,Freekick,0,0,77,56,-,-,Matchweek 4
Jupiter,20,Tackle,0,0,73,96,-,-,Matchweek 4
Jupiter,20,Clearance,0,0,89,70,80,98,Matchweek 4
Turo,16,Tackle,0,0,33,7,-,-,Matchweek 4
Jupiter,7,Tackle,0,0,54,8,-,-,Matchweek 4
